{
  "config": {
    "feature": {
      "config": {
        "feature": {
          "config": {
            "feature": {
              "config": {
                "targets": [
                  {
                    "target": {
                      "tag": "minecraft:base_stone_overworld",
                      "predicate_type": "minecraft:tag_match"
                    },
                    "state": {
                      "Name": "minecraft:gravel"
                    }
                  }
                ],
                "size": 33,
                "discard_chance_on_air_exposure": 0.0
              },
              "type": "minecraft:ore"
            },
            "decorator": {
              "config": {
                "height": {
                  "min_inclusive": {
                    "absolute": 0
                  },
                  "max_inclusive": {
                    "below_top": 0
                  },
                  "type": "minecraft:uniform"
                }
              },
              "type": "minecraft:range"
            }
          },
          "type": "minecraft:decorated"
        },
        "decorator": {
          "config": {},
          "type": "minecraft:square"
        }
      },
      "type": "minecraft:decorated"
    },
    "decorator": {
      "config": {
        "count": 12
      },
      "type": "minecraft:count"
    }
  },
  "type": "minecraft:decorated"
}