{
  "config": {
    "vegetation_chance": 0.0,
    "xz_radius": {
      "type": "minecraft:uniform",
      "value": {
        "min_inclusive": 7,
        "max_inclusive": 15
      }
    },
    "extra_edge_column_chance": 0.66,
    "extra_bottom_block_chance": 0.0,
    "vertical_range": 7,
    "vegetation_feature": "minecraft:cave_vine_in_moss",
    "surface": "ceiling",
    "depth": 3,
    "replaceable": "vextrove:netherrack",
    "ground_state": {
      "state": {
        "Name": "minecraft:soul_soil"
      },
      "type": "minecraft:simple_state_provider"
    }
  },
  "type": "minecraft:vegetation_patch"
}