{
  "surface_builder": "minecraft:grass",
  "depth": 0.125,
  "scale": 0.2,
  "temperature": 0.62,
  "downfall": 0,
  "precipitation": "none",
  "temperature_modifier": "none",
  "category": "forest",
  "player_spawn_friendly": true,
  "effects": {
    "sky_color": 12369146,
    "fog_color": 9671612,
    "water_color": 4159204,
    "water_fog_color": 329011,
    "grass_color": 8834707,
    "foliage_color": 8834707
  },
  "starts": [],
  "spawners": {
    "monster": [
      {
        "type": "minecraft:blaze",
        "weight": 10,
        "minCount": 2,
        "maxCount": 2
      },
      {
        "type": "minecraft:zombie",
        "weight": 100,
        "minCount": 4,
        "maxCount": 4
      },
      {
        "type": "minecraft:phantom",
        "weight": 50,
        "minCount": 1,
        "maxCount": 1
      }
    ],
    "creature": [
      {
        "type": "minecraft:slime",
        "weight": 30,
        "minCount": 3,
        "maxCount": 4
      },
      {
        "type": "minecraft:evoker_fangs",
        "weight": 29,
        "minCount": 1,
        "maxCount": 1
      },
      {
        "type": "minecraft:pig",
        "weight": 12,
        "minCount": 4,
        "maxCount": 4
      },
      {
        "type": "minecraft:rabbit",
        "weight": 11,
        "minCount": 3,
        "maxCount": 3
      },
      {
        "type": "minecraft:sheep",
        "weight": 10,
        "minCount": 4,
        "maxCount": 4
      },
      {
        "type": "minecraft:chicken",
        "weight": 10,
        "minCount": 3,
        "maxCount": 3
      },
      {
        "type": "minecraft:cow",
        "weight": 10,
        "minCount": 4,
        "maxCount": 4
      },
      {
        "type": "minecraft:ghast",
        "weight": 2,
        "minCount": 1,
        "maxCount": 1
      }
    ],
    "ambient": [],
    "water_creature": [],
    "water_ambient": [],
    "misc": []
  },
  "spawn_costs": {},
  "carvers": {
    "air": []
  },
  "features": [
    [],
    [
      "minecraft:lake_water"
    ],
    [],
    [],
    [],
    [],
    [
      "minecraft:prototype_ore_coal_upper",
      "minecraft:prototype_ore_coal_lower",
      "minecraft:prototype_ore_iron_upper",
      "minecraft:prototype_ore_iron_middle",
      "minecraft:prototype_ore_iron_small",
      "minecraft:prototype_ore_gold",
      "minecraft:prototype_ore_redstone",
      "minecraft:prototype_ore_redstone_lower",
      "minecraft:prototype_ore_diamond",
      "minecraft:prototype_ore_diamond_large",
      "minecraft:prototype_ore_lapis",
      "minecraft:prototype_ore_lapis_buried",
      "minecraft:prototype_ore_copper",
      "minecraft:disk_sand",
      "minecraft:disk_clay",
      "minecraft:disk_gravel",
      "minecraft:prototype_ore_emerald"
    ],
    [],
    [
      "minecraft:patch_tall_grass_2",
      "minecraft:patch_grass_plain",
      "minecraft:plain_vegetation",
      "minecraft:flower_plain_decorated",
      "minecraft:prototype_spring_water"
    ],
    []
  ]
}