{
  "effects": {
    "mood_sound": {
      "sound": "minecraft:ambient.cave",
      "tick_delay": 6000,
      "block_search_extent": 8,
      "offset": 2.0
    },
    "sky_color": 0,
    "fog_color": 10518688,
    "grass_color": 4159204,
    "foliage_color": 4159204,
    "water_color": 11303852,
    "water_fog_color": 7031915
  },
  "carvers": {},
  "features": [
    [
      "minecraft:end_island_decorated"
    ]
  ],
  "spawners": {
    "monster": [
      {
        "type": "minecraft:phantom",
        "weight": 15,
        "minCount": 1,
        "maxCount": 3
      },
      {
        "type": "minecraft:shulker",
        "weight": 7,
        "minCount": 1,
        "maxCount": 1
      },
      {
        "type": "minecraft:enderman",
        "weight": 3,
        "minCount": 1,
        "maxCount": 2
      }
    ],
    "creature": [],
    "ambient": [],
    "axolotls": [],
    "underground_water_creature": [],
    "water_creature": [],
    "water_ambient": [],
    "misc": []
  },
  "spawn_costs": {},
  "player_spawn_friendly": false,
  "precipitation": "none",
  "temperature": 0.5,
  "downfall": 0.5,
  "category": "the_end"
}