{
  "config": {
    "feature": {
      "config": {
        "feature": {
          "config": {
            "feature": {
              "config": {
                "wind_speed": {
                  "type": "minecraft:uniform",
                  "value": {
                    "min_inclusive": 0.0,
                    "max_exclusive": 0.8
                  }
                },
                "min_radius_for_wind": 4,
                "min_bluntness_for_wind": 0.6,
                "stalactite_bluntness": {
                  "type": "minecraft:uniform",
                  "value": {
                    "min_inclusive": 0.2,
                    "max_exclusive": 0.3
                  }
                },
                "stalagmite_bluntness": {
                  "type": "minecraft:uniform",
                  "value": {
                    "min_inclusive": 0.2,
                    "max_exclusive": 0.3
                  }
                },
                "floor_to_ceiling_search_range": 127,
                "column_radius": {
                  "type": "minecraft:uniform",
                  "value": {
                    "min_inclusive": 2,
                    "max_inclusive": 14
                  }
                },
                "height_scale": {
                  "type": "minecraft:uniform",
                  "value": {
                    "min_inclusive": 0.1,
                    "max_exclusive": 5.0
                  }
                },
                "max_column_radius_to_cave_height_ratio": 0.33
              },
              "type": "minecraft:large_dripstone"
            },
            "decorator": {
              "config": {
                "height": {
                  "min_inclusive": {
                    "below_top": 256
                  },
                  "max_inclusive": {
                    "below_top": -128
                  },
                  "type": "minecraft:trapezoid"
                }
              },
              "type": "minecraft:range"
            }
          },
          "type": "minecraft:decorated"
        },
        "decorator": {
          "config": {},
          "type": "minecraft:square"
        }
      },
      "type": "minecraft:decorated"
    },
    "decorator": {
      "config": {
        "count": {
          "type": "minecraft:uniform",
          "value": {
            "min_inclusive": 2,
            "max_inclusive": 10
          }
        }
      },
      "type": "minecraft:count"
    }
  },
  "type": "minecraft:decorated"
}