{
  "config": {
    "feature": {
      "config": {
        "feature": {
          "config": {
            "feature": {
              "config": {
                "state": {
                  "Name": "minecraft:powder_snow"
                }
              },
              "type": "minecraft:lake"
            },
            "decorator": {
              "config": {
                "height": {
                  "min_inclusive": {
                    "absolute": 68
                  },
                  "max_inclusive": {
                    "absolute": 74
                  },
                  "type": "minecraft:uniform"
                }
              },
              "type": "minecraft:range"
            }
          },
          "type": "minecraft:decorated"
        },
        "decorator": {
          "config": {},
          "type": "minecraft:square"
        }
      },
      "type": "minecraft:decorated"
    },
    "decorator": {
      "config": {
        "chance": 3
      },
      "type": "minecraft:chance"
    }
  },
  "type": "minecraft:decorated"
}