{
  "config": {
    "feature": {
      "config": {
        "feature": {
          "config": {
            "feature": {
              "config": {
                "state": {
                  "Properties": {
                    "level": "0"
                  },
                  "Name": "minecraft:water"
                }
              },
              "type": "minecraft:lake"
            },
            "decorator": {
              "config": {
                "height": {
                  "min_inclusive": {
                    "above_bottom": 48
                  },
                  "max_inclusive": {
                    "below_top": 48
                  },
                  "type": "minecraft:trapezoid"
                }
              },
              "type": "minecraft:range"
            }
          },
          "type": "minecraft:decorated"
        },
        "decorator": {
          "config": {},
          "type": "minecraft:square"
        }
      },
      "type": "minecraft:decorated"
    },
    "decorator": {
      "config": {
        "count": 3
      },
      "type": "minecraft:count"
    }
  },
  "type": "minecraft:decorated"
}