{
  "config": {
    "feature": {
      "config": {
        "feature": {
          "config": {
            "feature": {
              "config": {
                "wind_speed": {
                  "type": "minecraft:uniform",
                  "value": {
                    "min_inclusive": 0.0,
                    "max_exclusive": 0.3
                  }
                },
                "min_radius_for_wind": 4,
                "min_bluntness_for_wind": 0.6,
                "stalactite_bluntness": {
                  "type": "minecraft:uniform",
                  "value": {
                    "min_inclusive": 0.3,
                    "max_exclusive": 0.9
                  }
                },
                "stalagmite_bluntness": {
                  "type": "minecraft:uniform",
                  "value": {
                    "min_inclusive": 0.4,
                    "max_exclusive": 1.0
                  }
                },
                "floor_to_ceiling_search_range": 256,
                "column_radius": {
                  "type": "minecraft:uniform",
                  "value": {
                    "min_inclusive": 3,
                    "max_inclusive": 19
                  }
                },
                "height_scale": {
                  "type": "minecraft:uniform",
                  "value": {
                    "min_inclusive": 0.4,
                    "max_exclusive": 2.0
                  }
                },
                "max_column_radius_to_cave_height_ratio": 0.33
              },
              "type": "minecraft:large_dripstone"
            },
            "decorator": {
              "config": {
                "height": {
                  "min_inclusive": {
                    "above_bottom": 0
                  },
                  "max_inclusive": {
                    "below_top": 8
                  },
                  "type": "minecraft:uniform"
                }
              },
              "type": "minecraft:range"
            }
          },
          "type": "minecraft:decorated"
        },
        "decorator": {
          "config": {},
          "type": "minecraft:square"
        }
      },
      "type": "minecraft:decorated"
    },
    "decorator": {
      "config": {
        "count": {
          "type": "minecraft:uniform",
          "value": {
            "min_inclusive": 7,
            "max_inclusive": 35
          }
        }
      },
      "type": "minecraft:count"
    }
  },
  "type": "minecraft:decorated"
}