{
  "type": "vextrove:the_aether",
  "generator": {
    "biome_source": {
      "type": "minecraft:multi_noise",
      "seed": 0,
      "altitude_noise": {
        "firstOctave": -7,
        "amplitudes": [
          1,
          1
        ]
      },
      "temperature_noise": {
        "firstOctave": -7,
        "amplitudes": [
          1,
          1
        ]
      },
      "humidity_noise": {
        "firstOctave": -7,
        "amplitudes": [
          1,
          1
        ]
      },
      "weirdness_noise": {
        "firstOctave": -7,
        "amplitudes": [
          1,
          1
        ]
      },
      "biomes": [
        {
          "biome": "aether:highlands",
          "parameters": {
            "altitude": 0,
            "temperature": 0.37,
            "humidity": 0,
            "weirdness": 0,
            "offset": 0
          }
        },
        {
          "biome": "aether:magnetic_hills",
          "parameters": {
            "altitude": 0,
            "temperature": 0.38,
            "humidity": -0.5,
            "weirdness": 0,
            "offset": 0
          }
        },
        {
          "biome": "aether:arctic_peaks",
          "parameters": {
            "altitude": 0,
            "temperature": 0.6,
            "humidity": 0,
            "weirdness": 0,
            "offset": 0
          }
        },
        {
          "biome": "aether:forgotten_highlands",
          "parameters": {
            "altitude": 0,
            "temperature": 0.16,
            "humidity": 0.5,
            "weirdness": 0,
            "offset": 0.375
          }
        },
        {
          "biome": "aether:irradiated_forests",
          "parameters": {
            "altitude": 0,
            "temperature": 0.08,
            "humidity": 0,
            "weirdness": 0,
            "offset": 0.175
          }
        }
      ]
    },
    "seed": 0,
    "settings": "vextrove:the_aether",
    "type": "minecraft:noise"
  }
}