{
  "config": {
    "to_place": {
      "entries": [
        {
          "data": {
            "Name": "minecraft:blue_orchid"
          },
          "weight": 1
        },
        {
          "data": {
            "Name": "minecraft:brown_mushroom"
          },
          "weight": 3
        },
        {
          "data": {
            "Name": "minecraft:red_mushroom"
          },
          "weight": 3
        },
        {
          "data": {
            "Name": "minecraft:dead_bush"
          },
          "weight": 1
        },
        {
          "data": {
            "Name": "minecraft:moss_carpet"
          },
          "weight": 20
        },
        {
          "data": {
            "Name": "minecraft:grass"
          },
          "weight": 30
        },
        {
          "data": {
            "Name": "minecraft:fern"
          },
          "weight": 4
        },
        {
          "data": {
            "Properties": {
              "half": "lower"
            },
            "Name": "minecraft:tall_grass"
          },
          "weight": 4
        },
        {
          "data": {
            "Properties": {
              "half": "lower"
            },
            "Name": "minecraft:large_fern"
          },
          "weight": 2
        }
      ],
      "type": "minecraft:weighted_state_provider"
    },
    "place_on": [],
    "place_in": [],
    "place_under": []
  },
  "type": "minecraft:simple_block"
}