{
  "config": {
    "to_place": {
      "entries": [
        {
          "data": {
            "Name": "minecraft:shroomlight"
          },
          "weight": 3
        },
        {
          "data": {
            "Name": "minecraft:brown_mushroom"
          },
          "weight": 8
        },
        {
          "data": {
            "Name": "minecraft:red_mushroom"
          },
          "weight": 8
        },
        {
          "data": {
            "Name": "minecraft:grass"
          },
          "weight": 40
        },
        {
          "data": {
            "Name": "minecraft:fern"
          },
          "weight": 10
        },
        {
          "data": {
            "Properties": {
              "half": "lower"
            },
            "Name": "minecraft:tall_grass"
          },
          "weight": 7
        },
        {
          "data": {
            "Properties": {
              "half": "lower"
            },
            "Name": "minecraft:large_fern"
          },
          "weight": 3
        }
      ],
      "type": "minecraft:weighted_state_provider"
    },
    "place_on": [],
    "place_in": [],
    "place_under": []
  },
  "type": "minecraft:simple_block"
}