{
  "scale": 0.2,
  "effects": {
    "sky_color": 8103167,
    "fog_color": 12638463,
    "water_color": 5428952,
    "water_fog_color": 203559,
    "grass_color": 10868546,
    "foliage_color": 10868546
  },
  "surface_builder": "vextrove:lush",
  "carvers": {
    "air": [
      "minecraft:prototype_cave",
      "minecraft:prototype_canyon",
      "minecraft:prototype_crevice"
    ]
  },
  "features": [
    [],
    [
      "minecraft:lake_water",
      "minecraft:lake_lava"
    ],
    [],
    [
      "minecraft:amethyst_geode",
      "minecraft:monster_room"
    ],
    [],
    [],
    [
      "vextrove:stone_type/clay",
      "vextrove:stone_type/calcite",
      "vextrove:stone_type/dripstone",
      "vextrove:stone_type/andesite",
      "vextrove:stone_type/granite",
      "vextrove:stone_type/diorite",
      "vextrove:stone_type/dirt",
      "vextrove:stone_type/gravel",
      "vextrove:stone_type/tuff",
      "vextrove:stone_type/deepslate",
      "vextrove:stone_type/blackstone",
      "vextrove:stone_type/smooth_basalt",
      "vextrove:stone_type/magma",
      "vextrove:modifiers/deepslate_bricks",
      "minecraft:prototype_ore_coal_upper",
      "minecraft:prototype_ore_coal_lower",
      "minecraft:prototype_ore_iron_upper",
      "minecraft:prototype_ore_iron_middle",
      "minecraft:prototype_ore_iron_small",
      "minecraft:prototype_ore_gold",
      "minecraft:prototype_ore_redstone",
      "minecraft:prototype_ore_redstone_lower",
      "minecraft:prototype_ore_diamond",
      "minecraft:prototype_ore_diamond_large",
      "minecraft:prototype_ore_lapis",
      "minecraft:prototype_ore_lapis_buried",
      "minecraft:prototype_ore_copper",
      "minecraft:prototype_underwater_magma",
      "minecraft:ore_clay",
      "minecraft:disk_sand",
      "minecraft:disk_clay",
      "minecraft:disk_gravel"
    ],
    [
      "minecraft:rare_dripstone_cluster",
      "minecraft:rare_small_dripstone"
    ],
    [
      "vextrove:trees/underground/jungle",
      "minecraft:patch_tall_grass_2",
      "minecraft:prototype_glow_lichen",
      "minecraft:lush_caves_ceiling_vegetation",
      "minecraft:cave_vines",
      "minecraft:lush_caves_clay",
      "minecraft:lush_caves_vegetation",
      "minecraft:rooted_azalea_trees",
      "minecraft:spore_blossom",
      "minecraft:classic_vines_cave_feature"
    ]
  ],
  "starts": [
    "minecraft:mineshaft",
    "minecraft:stronghold",
    "minecraft:ruined_portal"
  ],
  "spawners": {
    "monster": [
      {
        "type": "minecraft:spider",
        "weight": 100,
        "minCount": 4,
        "maxCount": 4
      },
      {
        "type": "minecraft:zombie",
        "weight": 95,
        "minCount": 4,
        "maxCount": 4
      },
      {
        "type": "minecraft:zombie_villager",
        "weight": 5,
        "minCount": 1,
        "maxCount": 1
      },
      {
        "type": "minecraft:skeleton",
        "weight": 100,
        "minCount": 4,
        "maxCount": 4
      },
      {
        "type": "minecraft:creeper",
        "weight": 100,
        "minCount": 4,
        "maxCount": 4
      },
      {
        "type": "minecraft:slime",
        "weight": 100,
        "minCount": 4,
        "maxCount": 4
      },
      {
        "type": "minecraft:enderman",
        "weight": 10,
        "minCount": 1,
        "maxCount": 4
      },
      {
        "type": "minecraft:witch",
        "weight": 5,
        "minCount": 1,
        "maxCount": 1
      }
    ],
    "creature": [],
    "ambient": [
      {
        "type": "minecraft:bat",
        "weight": 10,
        "minCount": 8,
        "maxCount": 8
      }
    ],
    "underground_water_creature": [
      {
        "type": "minecraft:glow_squid",
        "weight": 10,
        "minCount": 4,
        "maxCount": 6
      },
      {
        "type": "minecraft:axolotl",
        "weight": 10,
        "minCount": 4,
        "maxCount": 6
      }
    ],
    "water_creature": [],
    "water_ambient": [],
    "misc": []
  },
  "spawn_costs": {},
  "player_spawn_friendly": false,
  "precipitation": "rain",
  "temperature": 0.5,
  "downfall": 0.5,
  "category": "underground",
  "depth": 0.1
}