{
  "config": {
    "feature": {
      "config": {
        "feature": {
          "config": {
            "feature": {
              "config": {
                "rock_count": 4,
                "hole_count": 1,
                "valid_blocks": [
                  "minecraft:stone",
                  "minecraft:deepslate",
                  "minecraft:smooth_basalt",
                  "minecraft:blackstone",
                  "minecraft:granite",
                  "minecraft:diorite",
                  "minecraft:andesite",
                  "minecraft:calcite",
                  "minecraft:dirt",
                  "minecraft:tuff",
                  "minecraft:coal_ore",
                  "minecraft:deepslate_coal_ore",
                  "minecraft:copper_ore",
                  "minecraft:deepslate_copper_ore",
                  "minecraft:iron_ore",
                  "minecraft:deepslate_iron_ore",
                  "minecraft:gold_ore",
                  "minecraft:deepslate_gold_ore",
                  "minecraft:lapis_ore",
                  "minecraft:deepslate_lapis_ore",
                  "minecraft:redstone_ore",
                  "minecraft:deepslate_redstone_ore",
                  "minecraft:diamond_ore",
                  "minecraft:deepslate_diamond_ore",
                  "minecraft:emerald_ore",
                  "minecraft:deepslate_emerald_ore",
                  "minecraft:dripstone_block",
                  "minecraft:smooth_sandstone",
                  "minecraft:sandstone",
                  "minecraft:smooth_red_sandstone",
                  "minecraft:red_sandstone",
                  "minecraft:packed_ice",
                  "minecraft:prismarine",
                  "minecraft:dark_prismarine",
                  "minecraft:blue_ice",
                  "minecraft:moss_block",
                  "minecraft:snow_block",
                  "minecraft:powder_snow",
                  "minecraft:packed_ice",
                  "minecraft:water"
                ],
                "state": {
                  "Properties": {
                    "falling": "true"
                  },
                  "Name": "minecraft:water"
                },
                "requires_block_below": true
              },
              "type": "minecraft:spring_feature"
            },
            "decorator": {
              "config": {
                "height": {
                  "min_inclusive": {
                    "above_bottom": 22
                  },
                  "max_inclusive": {
                    "absolute": 64
                  },
                  "type": "minecraft:trapezoid"
                }
              },
              "type": "minecraft:range"
            }
          },
          "type": "minecraft:decorated"
        },
        "decorator": {
          "config": {},
          "type": "minecraft:square"
        }
      },
      "type": "minecraft:decorated"
    },
    "decorator": {
      "config": {
        "count": 50
      },
      "type": "minecraft:count"
    }
  },
  "type": "minecraft:decorated"
}