{
  "config": {
    "feature": {
      "config": {
        "feature": {
          "config": {
            "features": [
              {
                "feature": "minecraft:fancy_oak",
                "chance": 0.05
              },
              {
                "feature": "minecraft:jungle_bush",
                "chance": 0.15
              },
              {
                "feature": "minecraft:mega_jungle_tree",
                "chance": 0.7
              }
            ],
            "default": {
              "config": {
                "can_replace": false,
                "project": true,
                "need_water": false,
                "xspread": 7,
                "yspread": 3,
                "zspread": 7,
                "whitelist": [],
                "blacklist": [
                  {
                    "Properties": {
                      "snowy": "false"
                    },
                    "Name": "minecraft:podzol"
                  }
                ],
                "tries": 32,
                "state_provider": {
                  "entries": [
                    {
                      "data": {
                        "Name": "minecraft:grass"
                      },
                      "weight": 3
                    },
                    {
                      "data": {
                        "Name": "minecraft:fern"
                      },
                      "weight": 1
                    }
                  ],
                  "type": "minecraft:weighted_state_provider"
                },
                "block_placer": {
                  "type": "minecraft:simple_block_placer"
                }
              },
              "type": "minecraft:random_patch"
            }
          },
          "type": "minecraft:random_selector"
        },
        "decorator": {
          "config": {
            "outer": {
              "config": {},
              "type": "minecraft:square"
            },
            "inner": {
              "config": {
                "outer": {
                  "config": {
                    "max_water_depth": 0
                  },
                  "type": "minecraft:water_depth_threshold"
                },
                "inner": {
                  "config": {
                    "heightmap": "OCEAN_FLOOR"
                  },
                  "type": "minecraft:heightmap"
                }
              },
              "type": "minecraft:decorated"
            }
          },
          "type": "minecraft:decorated"
        }
      },
      "type": "minecraft:decorated"
    },
    "decorator": {
      "config": {
        "count": 30,
        "extra_chance": 0.1,
        "extra_count": 1
      },
      "type": "minecraft:count_extra"
    }
  },
  "type": "minecraft:decorated"
}