{
  "config": {
    "feature": {
      "config": {
        "feature": {
          "config": {
            "feature": {
              "config": {
                "targets": [
                  {
                    "target": {
                      "tag": "minecraft:stone_ore_replaceables",
                      "predicate_type": "minecraft:tag_match"
                    },
                    "state": {
                      "Name": "minecraft:diamond_ore"
                    }
                  },
                  {
                    "target": {
                      "tag": "minecraft:deepslate_ore_replaceables",
                      "predicate_type": "minecraft:tag_match"
                    },
                    "state": {
                      "Name": "minecraft:deepslate_diamond_ore"
                    }
                  }
                ],
                "size": 12,
                "discard_chance_on_air_exposure": 0.7
              },
              "type": "minecraft:ore"
            },
            "decorator": {
              "config": {
                "height": {
                  "min_inclusive": {
                    "above_bottom": -80
                  },
                  "max_inclusive": {
                    "above_bottom": 80
                  },
                  "type": "minecraft:trapezoid"
                }
              },
              "type": "minecraft:range"
            }
          },
          "type": "minecraft:decorated"
        },
        "decorator": {
          "config": {},
          "type": "minecraft:square"
        }
      },
      "type": "minecraft:decorated"
    },
    "decorator": {
      "config": {
        "chance": 9
      },
      "type": "minecraft:chance"
    }
  },
  "type": "minecraft:decorated"
}