{
  "config": {
    "feature": {
      "config": {
        "feature": {
          "config": {
            "feature": {
              "config": {
                "feature": {
                  "config": {
                    "can_replace": false,
                    "project": false,
                    "need_water": false,
                    "xspread": 7,
                    "yspread": 3,
                    "zspread": 7,
                    "whitelist": [],
                    "blacklist": [],
                    "tries": 64,
                    "state_provider": {
                      "state": {
                        "Properties": {
                          "half": "lower"
                        },
                        "Name": "minecraft:tall_grass"
                      },
                      "type": "minecraft:simple_state_provider"
                    },
                    "block_placer": {
                      "type": "minecraft:double_plant_placer"
                    }
                  },
                  "type": "minecraft:random_patch"
                },
                "decorator": {
                  "config": {},
                  "type": "minecraft:spread_32_above"
                }
              },
              "type": "minecraft:decorated"
            },
            "decorator": {
              "config": {
                "heightmap": "MOTION_BLOCKING"
              },
              "type": "minecraft:heightmap"
            }
          },
          "type": "minecraft:decorated"
        },
        "decorator": {
          "config": {},
          "type": "minecraft:square"
        }
      },
      "type": "minecraft:decorated"
    },
    "decorator": {
      "config": {
        "noise_level": -0.8,
        "below_noise": 0,
        "above_noise": 7
      },
      "type": "minecraft:count_noise"
    }
  },
  "type": "minecraft:decorated"
}