{
  "config": {
    "can_replace": false,
    "project": true,
    "need_water": false,
    "xspread": 7,
    "yspread": 3,
    "zspread": 7,
    "whitelist": [],
    "blacklist": [],
    "tries": 32,
    "state_provider": {
      "entries": [
        {
          "data": {
            "Name": "minecraft:grass"
          },
          "weight": 1
        },
        {
          "data": {
            "Name": "minecraft:fern"
          },
          "weight": 4
        }
      ],
      "type": "minecraft:weighted_state_provider"
    },
    "block_placer": {
      "type": "minecraft:simple_block_placer"
    }
  },
  "type": "minecraft:random_patch"
}