{
  "config": {
    "state_provider": {
      "entries": [
        {
          "data": {
            "Name": "minecraft:pumpkin"
          },
          "weight": 19
        },
        {
          "data": {
            "Properties": {
              "facing": "north"
            },
            "Name": "minecraft:jack_o_lantern"
          },
          "weight": 1
        }
      ],
      "type": "minecraft:weighted_state_provider"
    }
  },
  "type": "minecraft:block_pile"
}