{
  "config": {
    "decorators": [],
    "ignore_vines": true,
    "force_dirt": false,
    "dirt_provider": {
      "state": {
        "Name": "minecraft:dirt"
      },
      "type": "minecraft:simple_state_provider"
    },
    "minimum_size": {
      "limit": 2,
      "lower_size": 0,
      "upper_size": 2,
      "type": "minecraft:two_layers_feature_size"
    },
    "foliage_provider": {
      "state": {
        "Properties": {
          "persistent": "false",
          "distance": "7"
        },
        "Name": "minecraft:spruce_leaves"
      },
      "type": "minecraft:simple_state_provider"
    },
    "sapling_provider": {
      "state": {
        "Properties": {
          "stage": "0"
        },
        "Name": "minecraft:spruce_sapling"
      },
      "type": "minecraft:simple_state_provider"
    },
    "foliage_placer": {
      "radius": 1,
      "offset": 1,
      "height": {
        "type": "minecraft:uniform",
        "value": {
          "min_inclusive": 3,
          "max_inclusive": 4
        }
      },
      "type": "minecraft:pine_foliage_placer"
    },
    "trunk_provider": {
      "state": {
        "Properties": {
          "axis": "y"
        },
        "Name": "minecraft:spruce_log"
      },
      "type": "minecraft:simple_state_provider"
    },
    "trunk_placer": {
      "base_height": 6,
      "height_rand_a": 4,
      "height_rand_b": 0,
      "type": "minecraft:straight_trunk_placer"
    }
  },
  "type": "minecraft:tree"
}