{
  "config": {
    "feature": {
      "config": {
        "feature": {
          "config": {
            "feature": {
              "config": {
                "floor_search_range": 5,
                "placement_radius_around_floor": 1,
                "placement_probability_per_valid_position": 0.5
              },
              "type": "minecraft:underwater_magma"
            },
            "decorator": {
              "config": {},
              "type": "minecraft:square"
            }
          },
          "type": "minecraft:decorated"
        },
        "decorator": {
          "config": {
            "height": {
              "min_inclusive": {
                "above_bottom": 0
              },
              "max_inclusive": {
                "absolute": 39
              },
              "type": "minecraft:uniform"
            }
          },
          "type": "minecraft:range"
        }
      },
      "type": "minecraft:decorated"
    },
    "decorator": {
      "config": {
        "count": {
          "type": "minecraft:uniform",
          "value": {
            "min_inclusive": 4,
            "max_inclusive": 10
          }
        }
      },
      "type": "minecraft:count"
    }
  },
  "type": "minecraft:decorated"
}