{
  "config": {
    "feature": {
      "config": {
        "feature": {
          "config": {
            "feature": {
              "config": {
                "rock_count": 4,
                "hole_count": 1,
                "valid_blocks": [
                  "minecraft:stone",
                  "minecraft:deepslate",
                  "minecraft:smooth_basalt",
                  "minecraft:blackstone",
                  "minecraft:granite",
                  "minecraft:diorite",
                  "minecraft:andesite",
                  "minecraft:dripstone_block",
                  "minecraft:smooth_sandstone",
                  "minecraft:smooth_red_sandstone",
                  "minecraft:packed_ice",
                  "minecraft:prismarine",
                  "minecraft:dark_prismarine",
                  "minecraft:clay",
                  "minecraft:moss_block"
                ],
                "state": {
                  "Properties": {
                    "falling": "true"
                  },
                  "Name": "minecraft:water"
                },
                "requires_block_below": true
              },
              "type": "minecraft:spring_feature"
            },
            "decorator": {
              "config": {
                "height": {
                  "min_inclusive": {
                    "above_bottom": 0
                  },
                  "max_inclusive": {
                    "below_top": 0
                  },
                  "type": "minecraft:uniform"
                }
              },
              "type": "minecraft:range"
            }
          },
          "type": "minecraft:decorated"
        },
        "decorator": {
          "config": {},
          "type": "minecraft:square"
        }
      },
      "type": "minecraft:decorated"
    },
    "decorator": {
      "config": {
        "count": 50
      },
      "type": "minecraft:count"
    }
  },
  "type": "minecraft:decorated"
}