{
  "config": {
    "feature": {
      "config": {
        "feature": {
          "config": {
            "probability": 0.3
          },
          "type": "minecraft:seagrass"
        },
        "decorator": {
          "config": {
            "count": 48
          },
          "type": "minecraft:count"
        }
      },
      "type": "minecraft:decorated"
    },
    "decorator": {
      "config": {
        "outer": {
          "config": {},
          "type": "minecraft:square"
        },
        "inner": {
          "config": {
            "heightmap": "OCEAN_FLOOR_WG"
          },
          "type": "minecraft:heightmap"
        }
      },
      "type": "minecraft:decorated"
    }
  },
  "type": "minecraft:decorated"
}