{
  "config": {
    "feature": {
      "config": {
        "feature": {
          "config": {
            "to_place": {
              "state": {
                "Name": "minecraft:seagrass"
              },
              "type": "minecraft:simple_state_provider"
            },
            "place_on": [
              {
                "Name": "minecraft:stone"
              }
            ],
            "place_in": [
              {
                "Properties": {
                  "level": "0"
                },
                "Name": "minecraft:water"
              }
            ],
            "place_under": [
              {
                "Properties": {
                  "level": "0"
                },
                "Name": "minecraft:water"
              }
            ]
          },
          "type": "minecraft:simple_block"
        },
        "decorator": {
          "config": {
            "chance": 10
          },
          "type": "minecraft:chance"
        }
      },
      "type": "minecraft:decorated"
    },
    "decorator": {
      "config": {
        "step": "liquid"
      },
      "type": "minecraft:carving_mask"
    }
  },
  "type": "minecraft:decorated"
}