{
  "config": {
    "feature": {
      "config": {
        "feature": {
          "config": {
            "feature": {
              "config": {
                "max_placements": 5,
                "empty_space_search_radius": 10,
                "max_offset_from_origin": 2,
                "chance_of_taller_dripstone": 0.2
              },
              "type": "minecraft:small_dripstone"
            },
            "decorator": {
              "config": {
                "height": {
                  "min_inclusive": {
                    "above_bottom": 0
                  },
                  "max_inclusive": {
                    "absolute": 256
                  },
                  "type": "minecraft:uniform"
                }
              },
              "type": "minecraft:range"
            }
          },
          "type": "minecraft:decorated"
        },
        "decorator": {
          "config": {},
          "type": "minecraft:square"
        }
      },
      "type": "minecraft:decorated"
    },
    "decorator": {
      "config": {
        "count": {
          "type": "minecraft:uniform",
          "value": {
            "min_inclusive": 140,
            "max_inclusive": 220
          }
        }
      },
      "type": "minecraft:count"
    }
  },
  "type": "minecraft:decorated"
}