{
  "config": {
    "feature": {
      "config": {
        "feature": {
          "config": {
            "feature": {
              "config": {
                "targets": [
                  {
                    "target": {
                      "tag": "minecraft:stone_ore_replaceables",
                      "predicate_type": "minecraft:tag_match"
                    },
                    "state": {
                      "Name": "minecraft:coal_ore"
                    }
                  },
                  {
                    "target": {
                      "tag": "minecraft:deepslate_ore_replaceables",
                      "predicate_type": "minecraft:tag_match"
                    },
                    "state": {
                      "Name": "minecraft:deepslate_coal_ore"
                    }
                  }
                ],
                "size": 17,
                "discard_chance_on_air_exposure": 0.5
              },
              "type": "minecraft:ore"
            },
            "decorator": {
              "config": {
                "height": {
                  "min_inclusive": {
                    "absolute": 0
                  },
                  "max_inclusive": {
                    "absolute": 192
                  },
                  "type": "minecraft:trapezoid"
                }
              },
              "type": "minecraft:range"
            }
          },
          "type": "minecraft:decorated"
        },
        "decorator": {
          "config": {},
          "type": "minecraft:square"
        }
      },
      "type": "minecraft:decorated"
    },
    "decorator": {
      "config": {
        "count": 20
      },
      "type": "minecraft:count"
    }
  },
  "type": "minecraft:decorated"
}