{
  "config": {
    "feature": {
      "config": {
        "feature": {
          "config": {
            "feature": {
              "config": {
                "hanging_root_state_provider": {
                  "state": {
                    "Properties": {
                      "waterlogged": "false"
                    },
                    "Name": "minecraft:hanging_roots"
                  },
                  "type": "minecraft:simple_state_provider"
                },
                "hanging_root_placement_attempts": 20,
                "allowed_vertical_water_for_tree": 2,
                "root_column_max_height": 100,
                "hanging_root_radius": 3,
                "hanging_roots_vertical_span": 2,
                "root_replaceable": "minecraft:lush_ground_replaceable",
                "root_state_provider": {
                  "state": {
                    "Name": "minecraft:rooted_dirt"
                  },
                  "type": "minecraft:simple_state_provider"
                },
                "root_placement_attempts": 20,
                "feature": "minecraft:azalea_tree",
                "required_vertical_space_for_tree": 3,
                "root_radius": 3
              },
              "type": "minecraft:root_system"
            },
            "decorator": {
              "config": {
                "surface": "ceiling",
                "floor_to_ceiling_search_range": 12
              },
              "type": "minecraft:cave_surface"
            }
          },
          "type": "minecraft:decorated"
        },
        "decorator": {
          "config": {
            "height": {
              "min_inclusive": {
                "above_bottom": 0
              },
              "max_inclusive": {
                "absolute": 256
              },
              "type": "minecraft:uniform"
            }
          },
          "type": "minecraft:range"
        }
      },
      "type": "minecraft:decorated"
    },
    "decorator": {
      "config": {},
      "type": "minecraft:square"
    }
  },
  "type": "minecraft:decorated"
}