{
  "config": {
    "feature": {
      "config": {
        "feature": {
          "config": {
            "feature": {
              "type": "minecraft:random_selector",
              "config": {
                "features": [
                  {
                    "chance": 0.3,
                    "feature": "minecraft:huge_brown_mushroom"
                  },
                  {
                    "chance": 0.3,
                    "feature": "minecraft:huge_red_mushroom"
                  },
                  {
                    "chance": 0.3,
                    "feature": "vextrove:huge_mushrooms/huge_brown_mushroom_alternate"
                  },
                  {
                    "chance": 0.3,
                    "feature": "vextrove:huge_mushrooms/huge_red_mushroom_alternate"
                  },
                  {
                    "chance": 0.3,
                    "feature": "vextrove:huge_mushrooms/huge_brown_mushroom_smaller"
                  },
                  {
                    "chance": 0.3,
                    "feature": "vextrove:huge_mushrooms/huge_red_mushroom_smaller"
                  },
                  {
                    "chance": 0.3,
                    "feature": "vextrove:huge_mushrooms/huge_brown_mushroom_smaller_alternate"
                  },
                  {
                    "chance": 0.3,
                    "feature": "vextrove:huge_mushrooms/huge_red_mushroom_smaller_alternate"
                  },
                  {
                    "chance": 0.3,
                    "feature": "vextrove:huge_mushrooms/huger_brown_mushroom"
                  },
                  {
                    "chance": 0.3,
                    "feature": "vextrove:huge_mushrooms/huger_red_mushroom"
                  },
                  {
                    "chance": 0.3,
                    "feature": "vextrove:huge_mushrooms/huger_brown_mushroom_alternate"
                  },
                  {
                    "chance": 0.3,
                    "feature": "vextrove:huge_mushrooms/huger_red_mushroom_alternate"
                  }
                ],
                "default": "vextrove:huge_mushrooms/huge_red_mushroom_smaller"
              }
            },
            "decorator": {
              "config": {
                "height": {
                  "min_inclusive": {
                    "above_bottom": 4
                  },
                  "max_inclusive": {
                    "absolute": 56
                  },
                  "type": "minecraft:trapezoid"
                }
              },
              "type": "minecraft:range"
            }
          },
          "type": "minecraft:decorated"
        },
        "decorator": {
          "config": {},
          "type": "minecraft:square"
        }
      },
      "type": "minecraft:decorated"
    },
    "decorator": {
      "config": {
        "count": 64
      },
      "type": "minecraft:count"
    }
  },
  "type": "minecraft:decorated"
}