{
  "config": {
    "lava_level": {
      "above_bottom": 10
    },
    "probability": 0.2,
    "y": {
      "min_inclusive": {
        "above_bottom": 8
      },
      "max_inclusive": {
        "below_top": 127
      },
      "type": "minecraft:uniform"
    },
    "yScale": {
      "type": "minecraft:uniform",
      "value": {
        "min_inclusive": 0.1,
        "max_exclusive": 0.9
      }
    },
    "horizontal_radius_multiplier": {
      "type": "minecraft:uniform",
      "value": {
        "min_inclusive": 0.5,
        "max_exclusive": 1.8
      }
    },
    "vertical_radius_multiplier": {
      "type": "minecraft:uniform",
      "value": {
        "min_inclusive": 0.5,
        "max_exclusive": 1.8
      }
    },
    "floor_level": {
      "type": "minecraft:uniform",
      "value": {
        "min_inclusive": -1.0,
        "max_exclusive": -0.4
      }
    }
  },
  "type": "minecraft:nether_cave"
}